name,telescope,exptime,jd,date,filename,note,nimages
dark_2460470_300s,B&C,300.0,2460469.666158333,2024-06-07T18:56:38.83,/local/jack/src/Pouakai/output/master/dark/dark_2460470_300s.fits.gz,good,7.0
dark_2460470_240s,B&C,240.0,2460470.593739236,2024-06-09T02:28:19.03,/local/jack/src/Pouakai/output/master/dark/dark_2460470_240s.fits.gz,good,3.0
dark_2460470_180s,B&C,180.0,2460470.600250116,2024-06-09T02:17:37.22,/local/jack/src/Pouakai/output/master/dark/dark_2460470_180s.fits.gz,good,3.0
dark_2460470_120s,B&C,120.0,2460470.602454244,2024-06-09T02:26:08.59,/local/jack/src/Pouakai/output/master/dark/dark_2460470_120s.fits.gz,good,3.0
dark_2460469_60s,B&C,60.0,2460469.3020106945,2024-06-07T19:21:25.82,/local/jack/src/Pouakai/output/master/dark/dark_2460469_60s.fits.gz,good,5.0
dark_2460469_300s,B&C,300.0,2460469.298415486,2024-06-07T18:56:38.83,/local/jack/src/Pouakai/output/master/dark/dark_2460469_300s.fits.gz,good,5.0
dark_2460469_0s,B&C,0.5,2460469.302826806,2024-06-07T19:29:08.57,/local/jack/src/Pouakai/output/master/dark/dark_2460469_0s.fits.gz,good,5.0
dark_2460384_300s,B&C,300.0,2460383.7107824846,2024-03-13T18:10:10.02,/local/jack/src/Pouakai/output/master/dark/dark_2460384_300s.fits.gz,good,6.0
dark_2460383_300s,B&C,300.0,2460383.260654128,2024-03-13T18:10:10.02,/local/jack/src/Pouakai/output/master/dark/dark_2460383_300s.fits.gz,good,3.0
dark_2460381_300s,B&C,300.0,2460381.2304094136,2024-03-11T17:31:47.46,/local/jack/src/Pouakai/output/master/dark/dark_2460381_300s.fits.gz,good,3.0
dark_2460379_300s,B&C,300.0,2460378.7270569447,2024-03-09T18:03:00.90,/local/jack/src/Pouakai/output/master/dark/dark_2460379_300s.fits.gz,good,6.0
dark_2460378_300s,B&C,300.0,2460377.70492799,2024-03-08T16:50:54.59,/local/jack/src/Pouakai/output/master/dark/dark_2460378_300s.fits.gz,good,6.0
dark_2460377_300s,B&C,300.0,2460377.2042423226,2024-03-07T16:54:06.56,/local/jack/src/Pouakai/output/master/dark/dark_2460377_300s.fits.gz,good,3.0
dark_2460375_300s,B&C,300.0,2460374.601439236,2024-03-04T13:47:53.34,/local/jack/src/Pouakai/output/master/dark/dark_2460375_300s.fits.gz,good,6.0
dark_2460375_120s,B&C,120.0,2460375.1228522374,2024-03-05T14:49:33.56,/local/jack/src/Pouakai/output/master/dark/dark_2460375_120s.fits.gz,good,3.0
dark_2460374_300s,B&C,300.0,2460374.078516628,2024-03-04T13:47:53.34,/local/jack/src/Pouakai/output/master/dark/dark_2460374_300s.fits.gz,good,3.0
dark_2460372_5s,B&C,5.0,2460372.202970872,2024-03-02T17:01:16.62,/local/jack/src/Pouakai/output/master/dark/dark_2460372_5s.fits.gz,good,3.0
dark_2460372_300s,B&C,300.0,2460372.588627932,2024-03-03T11:24:38.26,/local/jack/src/Pouakai/output/master/dark/dark_2460372_300s.fits.gz,good,6.0
dark_2460372_15s,B&C,15.0,2460372.2033860725,2024-03-02T16:44:11.43,/local/jack/src/Pouakai/output/master/dark/dark_2460372_15s.fits.gz,good,3.0
dark_2460372_120s,B&C,120.0,2460372.20368098,2024-03-02T16:44:36.93,/local/jack/src/Pouakai/output/master/dark/dark_2460372_120s.fits.gz,good,3.0
dark_2460372_10s,B&C,10.0,2460372.2031497685,2024-03-02T17:01:32.06,/local/jack/src/Pouakai/output/master/dark/dark_2460372_10s.fits.gz,good,3.0
dark_2460354_300s,B&C,300.0,2460353.7926083566,2024-02-13T16:25:59.81,/local/jack/src/Pouakai/output/master/dark/dark_2460354_300s.fits.gz,good,5.0
dark_2460354_180s,B&C,180.0,2460353.7962028007,2024-02-13T16:39:31.25,/local/jack/src/Pouakai/output/master/dark/dark_2460354_180s.fits.gz,good,5.0
dark_2460353_300s,B&C,300.0,2460352.516832153,2024-02-11T13:16:47.04,/local/jack/src/Pouakai/output/master/dark/dark_2460353_300s.fits.gz,good,5.0
dark_2460353_180s,B&C,180.0,2460352.5758900926,2024-02-11T15:38:46.72,/local/jack/src/Pouakai/output/master/dark/dark_2460353_180s.fits.gz,good,5.0
dark_2460353_120s,B&C,120.0,2460352.521308565,2024-02-12T16:57:29.06,/local/jack/src/Pouakai/output/master/dark/dark_2460353_120s.fits.gz,good,5.0
dark_2460352_300s,B&C,300.0,2460352.058426389,2024-02-11T13:16:47.04,/local/jack/src/Pouakai/output/master/dark/dark_2460352_300s.fits.gz,good,3.0
dark_2460352_180s,B&C,180.0,2460352.154459259,2024-02-11T15:38:46.72,/local/jack/src/Pouakai/output/master/dark/dark_2460352_180s.fits.gz,good,3.0
dark_2460352_120s,B&C,120.0,2460352.062020139,2024-02-11T13:29:18.54,/local/jack/src/Pouakai/output/master/dark/dark_2460352_120s.fits.gz,good,3.0
dark_2460350_300s,B&C,300.0,2460350.179267438,2024-02-09T16:06:18.18,/local/jack/src/Pouakai/output/master/dark/dark_2460350_300s.fits.gz,good,3.0
dark_2460350_180s,B&C,180.0,2460350.182878588,2024-02-09T16:34:32.45,/local/jack/src/Pouakai/output/master/dark/dark_2460350_180s.fits.gz,good,3.0
dark_2460350_120s,B&C,120.0,2460350.1850842205,2024-02-09T16:37:43.01,/local/jack/src/Pouakai/output/master/dark/dark_2460350_120s.fits.gz,good,3.0
dark_2460348_300s,B&C,300.0,2460348.067718711,2024-02-07T13:32:20.42,/local/jack/src/Pouakai/output/master/dark/dark_2460348_300s.fits.gz,good,3.0
dark_2460344_300s,B&C,300.0,2460343.836613362,2024-02-04T09:20:14.06,/local/jack/src/Pouakai/output/master/dark/dark_2460344_300s.fits.gz,good,11.0
dark_2460344_120s,B&C,120.0,2460343.8350965907,2024-02-03T15:12:30.09,/local/jack/src/Pouakai/output/master/dark/dark_2460344_120s.fits.gz,good,11.0
dark_2460343_300s,B&C,300.0,2460343.017079613,2024-02-02T12:41:51.14,/local/jack/src/Pouakai/output/master/dark/dark_2460343_300s.fits.gz,good,7.0
dark_2460343_120s,B&C,120.0,2460343.015559507,2024-02-02T12:24:52.89,/local/jack/src/Pouakai/output/master/dark/dark_2460343_120s.fits.gz,good,7.0
dark_2460342_300s,B&C,300.0,2460342.9871168984,2024-02-02T11:45:07.40,/local/jack/src/Pouakai/output/master/dark/dark_2460342_300s.fits.gz,bad,2.0
dark_2460342_120s,B&C,120.0,2460342.9856061344,2024-02-02T11:42:56.90,/local/jack/src/Pouakai/output/master/dark/dark_2460342_120s.fits.gz,bad,2.0
dark_2460340_300s,B&C,300.0,2460340.958326736,2024-01-31T10:52:38.52,/local/jack/src/Pouakai/output/master/dark/dark_2460340_300s.fits.gz,good,5.0
dark_2460340_120s,B&C,120.0,2460340.956816759,2024-01-31T10:57:48.95,/local/jack/src/Pouakai/output/master/dark/dark_2460340_120s.fits.gz,good,5.0
dark_2460296_300s,B&C,300.0,2460296.8844124614,2023-12-18T09:13:33.17,/local/jack/src/Pouakai/output/master/dark/dark_2460296_300s.fits.gz,good,3.0
dark_2460296_180s,B&C,180.0,2460296.8879504628,2023-12-18T09:08:17.11,/local/jack/src/Pouakai/output/master/dark/dark_2460296_180s.fits.gz,good,3.0
dark_2460296_120s,B&C,120.0,2460296.890099151,2023-12-18T09:11:22.74,/local/jack/src/Pouakai/output/master/dark/dark_2460296_120s.fits.gz,good,3.0
dark_2460293_60s,B&C,60.0,2460293.0548300925,2023-12-14T13:18:57.28,/local/jack/src/Pouakai/output/master/dark/dark_2460293_60s.fits.gz,good,3.0
dark_2460293_20s,B&C,20.0,2460293.055645718,2023-12-14T13:20:07.78,/local/jack/src/Pouakai/output/master/dark/dark_2460293_20s.fits.gz,good,3.0
dark_2460293_120s,B&C,120.0,2460293.007984954,2023-12-14T13:16:46.84,/local/jack/src/Pouakai/output/master/dark/dark_2460293_120s.fits.gz,good,4.0
dark_2460292_120s,B&C,120.0,2460292.0179348234,2023-12-13T09:42:23.07,/local/jack/src/Pouakai/output/master/dark/dark_2460292_120s.fits.gz,good,8.0
dark_2460291_30s,B&C,30.0,2460291.888403009,2023-12-13T09:19:18.02,/local/jack/src/Pouakai/output/master/dark/dark_2460291_30s.fits.gz,bad,1.0
dark_2460291_300s,B&C,300.0,2460291.8922673943,2023-12-13T08:58:00.84,/local/jack/src/Pouakai/output/master/dark/dark_2460291_300s.fits.gz,good,7.0
dark_2460291_120s,B&C,120.0,2460291.8959284723,2023-12-13T09:42:23.07,/local/jack/src/Pouakai/output/master/dark/dark_2460291_120s.fits.gz,good,7.0
dark_2460289_60s,B&C,60.0,2460289.11093919,2023-12-10T14:56:47.93,/local/jack/src/Pouakai/output/master/dark/dark_2460289_60s.fits.gz,good,5.0
dark_2460289_300s,B&C,300.0,2460289.1058352315,2023-12-10T14:15:21.26,/local/jack/src/Pouakai/output/master/dark/dark_2460289_300s.fits.gz,good,5.0
dark_2460289_120s,B&C,120.0,2460289.109429375,2023-12-10T14:46:06.06,/local/jack/src/Pouakai/output/master/dark/dark_2460289_120s.fits.gz,good,5.0
dark_2460287_300s,B&C,300.0,2460287.1542011574,2023-12-08T15:42:02.98,/local/jack/src/Pouakai/output/master/dark/dark_2460287_300s.fits.gz,good,3.0
dark_2460286_4s,B&C,4.0,2460286.9932372854,2023-12-08T11:50:43.83,/local/jack/src/Pouakai/output/master/dark/dark_2460286_4s.fits.gz,good,7.0
dark_2460286_3s,B&C,3.0,2460286.9930804064,2023-12-08T11:48:37.75,/local/jack/src/Pouakai/output/master/dark/dark_2460286_3s.fits.gz,good,7.0
dark_2460285_5s,B&C,5.0,2460285.0876086806,2023-12-06T14:11:35.47,/local/jack/src/Pouakai/output/master/dark/dark_2460285_5s.fits.gz,good,3.0
dark_2460285_300s,B&C,300.0,2460285.0311843106,2023-12-07T11:17:36.59,/local/jack/src/Pouakai/output/master/dark/dark_2460285_300s.fits.gz,good,9.0
dark_2460285_120s,B&C,120.0,2460285.00392392,2023-12-05T12:48:30.84,/local/jack/src/Pouakai/output/master/dark/dark_2460285_120s.fits.gz,good,6.0
dark_2460284_60s,B&C,60.0,2460283.5372940004,2023-12-05T12:50:41.41,/local/jack/src/Pouakai/output/master/dark/dark_2460284_60s.fits.gz,good,6.0
dark_2460284_3s,B&C,3.0,2460284.036486652,2023-12-05T12:42:44.66,/local/jack/src/Pouakai/output/master/dark/dark_2460284_3s.fits.gz,good,3.0
dark_2460284_30s,B&C,30.0,2460284.036016975,2023-12-05T12:51:51.91,/local/jack/src/Pouakai/output/master/dark/dark_2460284_30s.fits.gz,good,3.0
dark_2460284_300s,B&C,300.0,2460284.030095602,2023-12-05T12:33:32.53,/local/jack/src/Pouakai/output/master/dark/dark_2460284_300s.fits.gz,good,3.0
dark_2460284_120s,B&C,120.0,2460284.0336903166,2023-12-05T12:48:30.84,/local/jack/src/Pouakai/output/master/dark/dark_2460284_120s.fits.gz,good,3.0
dark_2460284_0s,B&C,0.8,2460284.0298867864,2023-12-05T12:33:00.28,/local/jack/src/Pouakai/output/master/dark/dark_2460284_0s.fits.gz,good,6.0
dark_2460283_60s,B&C,60.0,2460283.039387037,2023-12-04T12:56:43.04,/local/jack/src/Pouakai/output/master/dark/dark_2460283_60s.fits.gz,good,3.0
dark_2460283_240s,B&C,240.0,2460283.036486998,2023-12-04T12:47:11.35,/local/jack/src/Pouakai/output/master/dark/dark_2460283_240s.fits.gz,good,3.0
dark_2460281_300s,B&C,300.0,2460281.992651235,2023-12-03T11:54:35.63,/local/jack/src/Pouakai/output/master/dark/dark_2460281_300s.fits.gz,good,3.0
dark_2460278_8s,B&C,8.0,2460278.1738575227,2023-11-29T15:53:32.53,/local/jack/src/Pouakai/output/master/dark/dark_2460278_8s.fits.gz,good,3.0
dark_2460278_60s,B&C,60.0,2460278.1806300543,2023-11-29T16:03:26.28,/local/jack/src/Pouakai/output/master/dark/dark_2460278_60s.fits.gz,good,3.0
dark_2460278_5s,B&C,5.0,2460278.175801621,2023-11-29T16:25:13.52,/local/jack/src/Pouakai/output/master/dark/dark_2460278_5s.fits.gz,good,5.0
dark_2460278_3s,B&C,3.0,2460278.176453218,2023-11-29T16:28:43.51,/local/jack/src/Pouakai/output/master/dark/dark_2460278_3s.fits.gz,good,5.0
dark_2460278_30s,B&C,30.0,2460278.1814459874,2023-11-29T16:04:36.78,/local/jack/src/Pouakai/output/master/dark/dark_2460278_30s.fits.gz,good,3.0
dark_2460278_300s,B&C,300.0,2460278.175524691,2023-11-29T15:56:05.03,/local/jack/src/Pouakai/output/master/dark/dark_2460278_300s.fits.gz,good,3.0
dark_2460278_2s,B&C,2.0,2460278.173336728,2023-11-29T16:26:33.51,/local/jack/src/Pouakai/output/master/dark/dark_2460278_2s.fits.gz,good,3.0
dark_2460278_27s,B&C,27.0,2460278.181914777,2023-11-29T16:38:37.51,/local/jack/src/Pouakai/output/master/dark/dark_2460278_27s.fits.gz,good,3.0
dark_2460278_25s,B&C,25.0,2460278.182348765,2023-11-29T16:05:54.78,/local/jack/src/Pouakai/output/master/dark/dark_2460278_25s.fits.gz,good,3.0
dark_2460278_24s,B&C,24.0,2460278.182759684,2023-11-29T16:39:50.52,/local/jack/src/Pouakai/output/master/dark/dark_2460278_24s.fits.gz,good,3.0
dark_2460278_22s,B&C,22.0,2460278.183158912,2023-11-29T16:23:45.02,/local/jack/src/Pouakai/output/master/dark/dark_2460278_22s.fits.gz,good,3.0
dark_2460278_20s,B&C,20.0,2460278.1835350697,2023-11-29T16:24:17.51,/local/jack/src/Pouakai/output/master/dark/dark_2460278_20s.fits.gz,good,3.0
dark_2460278_1s,B&C,1.5,2460278.1734813657,2023-11-29T16:26:46.01,/local/jack/src/Pouakai/output/master/dark/dark_2460278_1s.fits.gz,good,3.0
dark_2460278_18s,B&C,18.0,2460278.17519483,2023-11-29T15:55:36.53,/local/jack/src/Pouakai/output/master/dark/dark_2460278_18s.fits.gz,good,3.0
dark_2460278_17s,B&C,17.0,2460278.17425135,2023-11-29T16:27:52.51,/local/jack/src/Pouakai/output/master/dark/dark_2460278_17s.fits.gz,good,3.0
dark_2460278_15s,B&C,15.0,2460278.176549405,2023-11-29T16:09:02.34,/local/jack/src/Pouakai/output/master/dark/dark_2460278_15s.fits.gz,good,7.0
dark_2460278_13s,B&C,13.0,2460278.174766358,2023-11-29T15:54:59.53,/local/jack/src/Pouakai/output/master/dark/dark_2460278_13s.fits.gz,good,3.0
dark_2460278_120s,B&C,120.0,2460278.1791196377,2023-11-29T16:34:36.01,/local/jack/src/Pouakai/output/master/dark/dark_2460278_120s.fits.gz,good,3.0
dark_2460278_10s,B&C,10.0,2460278.1736202934,2023-11-29T15:53:12.03,/local/jack/src/Pouakai/output/master/dark/dark_2460278_10s.fits.gz,good,3.0
dark_2460275_60s,B&C,60.0,2460275.17493831,2023-11-26T16:11:54.67,/local/jack/src/Pouakai/output/master/dark/dark_2460275_60s.fits.gz,good,3.0
dark_2460275_300s,B&C,300.0,2460275.166059568,2023-11-26T15:59:11.05,/local/jack/src/Pouakai/output/master/dark/dark_2460275_300s.fits.gz,good,3.0
dark_2460275_0s,B&C,0.0,2460275.168734461,2023-11-26T16:09:42.42,/local/jack/src/Pouakai/output/master/dark/dark_2460275_0s.fits.gz,good,4.0
dark_2460273_90s,B&C,90.0,2460272.826584581,2023-11-24T16:16:23.52,/local/jack/src/Pouakai/output/master/dark/dark_2460273_90s.fits.gz,good,9.0
dark_2460273_60s,B&C,60.0,2460272.825767965,2023-11-24T16:15:12.96,/local/jack/src/Pouakai/output/master/dark/dark_2460273_60s.fits.gz,good,9.0
dark_2460273_180s,B&C,180.0,2460272.829258784,2023-11-24T16:03:50.33,/local/jack/src/Pouakai/output/master/dark/dark_2460273_180s.fits.gz,good,9.0
dark_2460273_120s,B&C,120.0,2460272.8277479294,2023-11-23T15:02:46.10,/local/jack/src/Pouakai/output/master/dark/dark_2460273_120s.fits.gz,good,9.0
dark_2460272_90s,B&C,90.0,2460272.135046489,2023-11-23T15:14:28.04,/local/jack/src/Pouakai/output/master/dark/dark_2460272_90s.fits.gz,good,3.0
dark_2460272_60s,B&C,60.0,2460272.13423098,2023-11-23T14:59:55.10,/local/jack/src/Pouakai/output/master/dark/dark_2460272_60s.fits.gz,good,3.0
dark_2460272_300s,B&C,300.0,2460272.1306365742,2023-11-23T15:21:29.48,/local/jack/src/Pouakai/output/master/dark/dark_2460272_300s.fits.gz,good,3.0
dark_2460272_180s,B&C,180.0,2460272.137719946,2023-11-23T15:31:41.35,/local/jack/src/Pouakai/output/master/dark/dark_2460272_180s.fits.gz,good,3.0
dark_2460272_120s,B&C,120.0,2460272.136209684,2023-11-23T15:02:46.10,/local/jack/src/Pouakai/output/master/dark/dark_2460272_120s.fits.gz,good,3.0
dark_2460270_60s,B&C,60.0,2460270.137821026,2023-11-21T15:12:06.68,/local/jack/src/Pouakai/output/master/dark/dark_2460270_60s.fits.gz,good,3.0
dark_2460270_300s,B&C,300.0,2460269.740748612,2023-11-21T15:19:38.17,/local/jack/src/Pouakai/output/master/dark/dark_2460270_300s.fits.gz,good,5.0
dark_2460269_300s,B&C,300.0,2460269.150531655,2023-11-20T15:40:56.40,/local/jack/src/Pouakai/output/master/dark/dark_2460269_300s.fits.gz,bad,2.0
dark_2460269_180s,B&C,180.0,2460269.1541258106,2023-11-20T15:46:06.97,/local/jack/src/Pouakai/output/master/dark/dark_2460269_180s.fits.gz,bad,2.0
dark_2460266_60s,B&C,60.0,2460266.275076442,2023-11-17T15:52:39.01,/local/jack/src/Pouakai/output/master/dark/dark_2460266_60s.fits.gz,good,13.0
dark_2460266_30s,B&C,30.0,2460266.458549679,2023-11-18T07:58:48.88,/local/jack/src/Pouakai/output/master/dark/dark_2460266_30s.fits.gz,good,9.0
dark_2460266_300s,B&C,300.0,2460266.1850384986,2023-11-17T08:54:28.08,/local/jack/src/Pouakai/output/master/dark/dark_2460266_300s.fits.gz,good,8.0
dark_2460266_180s,B&C,180.0,2460266.82949728,2023-11-18T08:02:30.88,/local/jack/src/Pouakai/output/master/dark/dark_2460266_180s.fits.gz,bad,2.0
dark_2460266_120s,B&C,120.0,2460266.180074783,2023-11-17T08:36:30.65,/local/jack/src/Pouakai/output/master/dark/dark_2460266_120s.fits.gz,good,8.0
dark_2460265_60s,B&C,60.0,2460265.861206857,2023-11-17T08:38:34.46,/local/jack/src/Pouakai/output/master/dark/dark_2460265_60s.fits.gz,good,4.0
dark_2460265_300s,B&C,300.0,2460265.872916377,2023-11-17T08:54:28.08,/local/jack/src/Pouakai/output/master/dark/dark_2460265_300s.fits.gz,good,4.0
dark_2460265_120s,B&C,120.0,2460265.8619466145,2023-11-17T08:36:30.65,/local/jack/src/Pouakai/output/master/dark/dark_2460265_120s.fits.gz,good,4.0
dark_2460205_60s,B&C,60.0,2460204.958218036,2023-09-17T09:37:27.86,/local/jack/src/Pouakai/output/master/dark/dark_2460205_60s.fits.gz,good,6.0
dark_2460205_300s,B&C,300.0,2460204.9523991705,2023-09-17T09:29:06.84,/local/jack/src/Pouakai/output/master/dark/dark_2460205_300s.fits.gz,good,6.0
dark_2460205_180s,B&C,180.0,2460204.956013542,2023-09-17T09:43:48.96,/local/jack/src/Pouakai/output/master/dark/dark_2460205_180s.fits.gz,good,6.0
dark_2460204_60s,B&C,60.0,2460204.901016976,2023-09-17T09:37:27.86,/local/jack/src/Pouakai/output/master/dark/dark_2460204_60s.fits.gz,good,3.0
dark_2460204_300s,B&C,300.0,2460204.895178549,2023-09-17T09:29:06.84,/local/jack/src/Pouakai/output/master/dark/dark_2460204_300s.fits.gz,good,3.0
dark_2460204_180s,B&C,180.0,2460204.8988125003,2023-09-17T09:43:48.96,/local/jack/src/Pouakai/output/master/dark/dark_2460204_180s.fits.gz,good,3.0
dark_2460191_5s,B&C,5.0,2460191.804018565,2023-09-04T07:17:47.23,/local/jack/src/Pouakai/output/master/dark/dark_2460191_5s.fits.gz,good,5.0
dark_2460191_300s,B&C,300.0,2460191.526069509,2023-09-04T07:26:49.84,/local/jack/src/Pouakai/output/master/dark/dark_2460191_300s.fits.gz,good,9.0
dark_2460191_2s,B&C,2.0,2460191.8043969907,2023-09-04T07:02:09.46,/local/jack/src/Pouakai/output/master/dark/dark_2460191_2s.fits.gz,good,5.0
dark_2460191_20s,B&C,20.0,2460191.804120833,2023-09-04T07:17:56.02,/local/jack/src/Pouakai/output/master/dark/dark_2460191_20s.fits.gz,good,5.0
dark_2460191_15s,B&C,15.0,2460191.79884838,2023-09-04T07:10:20.59,/local/jack/src/Pouakai/output/master/dark/dark_2460191_15s.fits.gz,good,5.0
dark_2460191_120s,B&C,120.0,2460191.5734941694,2023-09-04T07:15:43.34,/local/jack/src/Pouakai/output/master/dark/dark_2460191_120s.fits.gz,good,8.0
dark_2460188_60s,B&C,60.0,2460188.7774209143,2023-09-01T06:25:46.57,/local/jack/src/Pouakai/output/master/dark/dark_2460188_60s.fits.gz,good,10.0
dark_2460188_300s,B&C,300.0,2460188.7795925923,2023-09-01T07:05:27.45,/local/jack/src/Pouakai/output/master/dark/dark_2460188_300s.fits.gz,good,10.0
dark_2460188_120s,B&C,120.0,2460188.778159502,2023-09-01T06:26:50.39,/local/jack/src/Pouakai/output/master/dark/dark_2460188_120s.fits.gz,good,10.0
dark_2460188_10s,B&C,10.0,2460188.777260694,2023-09-01T05:58:10.20,/local/jack/src/Pouakai/output/master/dark/dark_2460188_10s.fits.gz,good,10.0
dark_2460188_0s,B&C,0.0,2460188.780226548,2023-09-01T06:07:14.26,/local/jack/src/Pouakai/output/master/dark/dark_2460188_0s.fits.gz,good,100.0
dark_2460136_8s,B&C,8.0,2460136.933509587,2023-07-11T11:40:11.83,/local/jack/src/Pouakai/output/master/dark/dark_2460136_8s.fits.gz,good,6.0
dark_2460136_7s,B&C,7.0,2460136.8812081018,2023-07-11T09:05:13.34,/local/jack/src/Pouakai/output/master/dark/dark_2460136_7s.fits.gz,good,3.0
dark_2460136_4s,B&C,4.0,2460136.8816949464,2023-07-11T09:05:55.34,/local/jack/src/Pouakai/output/master/dark/dark_2460136_4s.fits.gz,good,3.0
dark_2460136_2s,B&C,2.0,2460136.882513812,2023-07-11T09:07:06.16,/local/jack/src/Pouakai/output/master/dark/dark_2460136_2s.fits.gz,good,3.0
dark_2460136_1s,B&C,1.0,2460136.882658218,2023-07-11T09:14:44.77,/local/jack/src/Pouakai/output/master/dark/dark_2460136_1s.fits.gz,good,3.0
dark_2460136_17s,B&C,17.0,2460136.880335185,2023-07-11T09:11:24.09,/local/jack/src/Pouakai/output/master/dark/dark_2460136_17s.fits.gz,good,3.0
dark_2460136_15s,B&C,15.0,2460136.8806537422,2023-07-11T09:04:25.40,/local/jack/src/Pouakai/output/master/dark/dark_2460136_15s.fits.gz,good,3.0
dark_2460136_12s,B&C,12.0,2460136.8809484183,2023-07-11T09:12:17.02,/local/jack/src/Pouakai/output/master/dark/dark_2460136_12s.fits.gz,good,3.0
dark_2460136_10s,B&C,10.0,2460136.8822765048,2023-07-11T09:10:28.59,/local/jack/src/Pouakai/output/master/dark/dark_2460136_10s.fits.gz,good,3.0
dark_2460136_0s,B&C,0.5,2460136.8827910884,2023-07-11T09:07:30.09,/local/jack/src/Pouakai/output/master/dark/dark_2460136_0s.fits.gz,good,3.0
dark_2460123_300s,B&C,300.0,2460123.04405324,2023-06-27T12:52:42.45,/local/jack/src/Pouakai/output/master/dark/dark_2460123_300s.fits.gz,good,3.0
dark_2460123_2s,B&C,2.0,2460123.047646373,2023-06-27T13:19:20.39,/local/jack/src/Pouakai/output/master/dark/dark_2460123_2s.fits.gz,good,3.0
dark_2460123_180s,B&C,180.0,2460123.0493,2023-06-27T13:00:15.77,/local/jack/src/Pouakai/output/master/dark/dark_2460123_180s.fits.gz,good,3.0
dark_2460123_120s,B&C,120.0,2460123.0477903546,2023-06-27T13:19:32.83,/local/jack/src/Pouakai/output/master/dark/dark_2460123_120s.fits.gz,good,3.0
dark_2460053_60s,B&C,60.0,2460053.94160679,2023-04-19T09:55:10.78,/local/jack/src/Pouakai/output/master/dark/dark_2460053_60s.fits.gz,good,3.0
dark_2460053_300s,B&C,300.0,2460053.9141350696,2023-04-19T09:56:21.27,/local/jack/src/Pouakai/output/master/dark/dark_2460053_300s.fits.gz,bad,1.0
dark_2460053_120s,B&C,120.0,2460053.9564299765,2023-04-19T10:56:52.07,/local/jack/src/Pouakai/output/master/dark/dark_2460053_120s.fits.gz,good,3.0
dark_2460053_10s,B&C,10.0,2460053.9579396606,2023-04-19T10:59:02.50,/local/jack/src/Pouakai/output/master/dark/dark_2460053_10s.fits.gz,good,3.0
dark_2459917_5s,B&C,5.0,2459917.9122061343,2022-12-04T09:49:55.40,/local/jack/src/Pouakai/output/master/dark/dark_2459917_5s.fits.gz,bad,2.0
dark_2459917_20s,B&C,20.0,2459917.91259321,2022-12-04T09:54:02.89,/local/jack/src/Pouakai/output/master/dark/dark_2459917_20s.fits.gz,good,3.0
dark_2459917_150s,B&C,150.0,2459917.912945756,2022-12-04T09:54:33.39,/local/jack/src/Pouakai/output/master/dark/dark_2459917_150s.fits.gz,good,3.0
dark_2459917_10s,B&C,10.0,2459917.912356713,2022-12-04T09:57:29.26,/local/jack/src/Pouakai/output/master/dark/dark_2459917_10s.fits.gz,good,3.0
dark_2459831_15s,B&C,15.0,2459831.8789227144,2022-09-09T09:03:30.10,/local/jack/src/Pouakai/output/master/dark/dark_2459831_15s.fits.gz,good,20.0
dark_2459825_5s,B&C,5.0,2459825.9027733244,2022-09-03T09:13:18.64,/local/jack/src/Pouakai/output/master/dark/dark_2459825_5s.fits.gz,good,19.0
dark_2459825_30s,B&C,30.0,2459825.923447222,2022-09-03T09:59:22.06,/local/jack/src/Pouakai/output/master/dark/dark_2459825_30s.fits.gz,good,9.0
dark_2459825_2s,B&C,2.0,2459825.902705141,2022-09-03T10:04:47.32,/local/jack/src/Pouakai/output/master/dark/dark_2459825_2s.fits.gz,good,19.0
dark_2459825_150s,B&C,150.0,2459825.925107112,2022-09-03T09:50:53.00,/local/jack/src/Pouakai/output/master/dark/dark_2459825_150s.fits.gz,good,9.0
dark_2459825_120s,B&C,120.0,2459825.9023476266,2022-09-03T09:57:03.43,/local/jack/src/Pouakai/output/master/dark/dark_2459825_120s.fits.gz,good,18.0
dark_2459825_10s,B&C,10.0,2459825.9024159145,2022-09-03T09:04:48.51,/local/jack/src/Pouakai/output/master/dark/dark_2459825_10s.fits.gz,good,18.0
dark_2459822_300s,B&C,300.0,2459821.7874397337,2022-08-30T18:18:38.90,/local/jack/src/Pouakai/output/master/dark/dark_2459822_300s.fits.gz,good,30.0
dark_2459822_150s,B&C,150.0,2459822.22835934,2022-08-30T17:22:25.72,/local/jack/src/Pouakai/output/master/dark/dark_2459822_150s.fits.gz,good,10.0
dark_2459821_5s,B&C,5.0,2459821.312467744,2022-08-29T19:56:34.13,/local/jack/src/Pouakai/output/master/dark/dark_2459821_5s.fits.gz,good,10.0
dark_2459821_30s,B&C,30.0,2459821.8156456137,2022-08-30T07:34:14.87,/local/jack/src/Pouakai/output/master/dark/dark_2459821_30s.fits.gz,good,10.0
dark_2459821_300s,B&C,300.0,2459821.5540813017,2022-08-29T19:13:28.91,/local/jack/src/Pouakai/output/master/dark/dark_2459821_300s.fits.gz,good,20.0
dark_2459821_2s,B&C,2.0,2459821.3127302546,2022-08-29T20:04:33.00,/local/jack/src/Pouakai/output/master/dark/dark_2459821_2s.fits.gz,good,10.0
dark_2459821_120s,B&C,120.0,2459821.3127978244,2022-08-29T19:19:01.41,/local/jack/src/Pouakai/output/master/dark/dark_2459821_120s.fits.gz,good,10.0
dark_2459821_10s,B&C,10.0,2459821.3125701733,2022-08-29T19:41:30.46,/local/jack/src/Pouakai/output/master/dark/dark_2459821_10s.fits.gz,good,10.0
dark_2459698_6s,B&C,6.0,2459698.266540764,2022-04-28T18:24:36.34,/local/jack/src/Pouakai/output/master/dark/dark_2459698_6s.fits.gz,good,10.0
dark_2459698_5s,B&C,5.0,2459698.2666558563,2022-04-28T18:23:49.65,/local/jack/src/Pouakai/output/master/dark/dark_2459698_5s.fits.gz,good,10.0
dark_2459697_60s,B&C,60.0,2459697.2156209666,2022-04-28T05:15:33.53,/local/jack/src/Pouakai/output/master/dark/dark_2459697_60s.fits.gz,good,20.0
dark_2459697_300s,B&C,300.0,2459697.212099178,2022-04-27T05:06:53.51,/local/jack/src/Pouakai/output/master/dark/dark_2459697_300s.fits.gz,good,20.0
dark_2459696_60s,B&C,60.0,2459696.7233739235,2022-04-27T05:44:18.95,/local/jack/src/Pouakai/output/master/dark/dark_2459696_60s.fits.gz,good,10.0
dark_2459696_300s,B&C,300.0,2459696.7198524075,2022-04-27T05:06:53.51,/local/jack/src/Pouakai/output/master/dark/dark_2459696_300s.fits.gz,good,10.0
dark_2459688_5s,B&C,5.0,2459688.267083796,2022-04-18T18:28:21.91,/local/jack/src/Pouakai/output/master/dark/dark_2459688_5s.fits.gz,good,15.0
dark_2459688_2s,B&C,2.0,2459688.2673456944,2022-04-18T18:23:54.10,/local/jack/src/Pouakai/output/master/dark/dark_2459688_2s.fits.gz,good,15.0
dark_2459688_10s,B&C,10.0,2459688.032984754,2022-04-18T09:26:04.80,/local/jack/src/Pouakai/output/master/dark/dark_2459688_10s.fits.gz,good,40.0
dark_2459688_0s,B&C,0.0,2459687.7771377084,2022-04-17T18:53:23.97,/local/jack/src/Pouakai/output/master/dark/dark_2459688_0s.fits.gz,good,30.0
dark_2459687_4s,B&C,4.0,2459686.90932487,2022-04-16T18:45:58.08,/local/jack/src/Pouakai/output/master/dark/dark_2459687_4s.fits.gz,good,24.0
dark_2459687_1s,B&C,1.5,2459687.2879341897,2022-04-17T18:54:05.53,/local/jack/src/Pouakai/output/master/dark/dark_2459687_1s.fits.gz,good,15.0
dark_2459687_15s,B&C,15.0,2459687.2830035565,2022-04-17T18:47:31.54,/local/jack/src/Pouakai/output/master/dark/dark_2459687_15s.fits.gz,good,15.0
dark_2459687_10s,B&C,10.0,2459687.5518267187,2022-04-17T11:38:44.57,/local/jack/src/Pouakai/output/master/dark/dark_2459687_10s.fits.gz,good,40.0
dark_2459687_0s,B&C,0.0,2459687.286862384,2022-04-17T18:53:23.97,/local/jack/src/Pouakai/output/master/dark/dark_2459687_0s.fits.gz,good,15.0
dark_2459686_4s,B&C,4.0,2459686.282093801,2022-04-16T18:45:58.08,/local/jack/src/Pouakai/output/master/dark/dark_2459686_4s.fits.gz,good,9.0
dark_2459686_2s,B&C,2.0,2459686.5692992574,2022-04-16T18:26:18.15,/local/jack/src/Pouakai/output/master/dark/dark_2459686_2s.fits.gz,good,34.0
dark_2459686_10s,B&C,10.0,2459686.984097739,2022-04-17T11:38:44.57,/local/jack/src/Pouakai/output/master/dark/dark_2459686_10s.fits.gz,good,15.0
dark_2459684_60s,B&C,60.0,2459684.247254398,2022-04-14T17:57:06.71,/local/jack/src/Pouakai/output/master/dark/dark_2459684_60s.fits.gz,good,11.0
dark_2459684_5s,B&C,5.0,2459683.892748486,2022-04-14T06:59:29.22,/local/jack/src/Pouakai/output/master/dark/dark_2459684_5s.fits.gz,good,36.0
dark_2459684_300s,B&C,300.0,2459683.813544484,2022-04-13T18:16:39.23,/local/jack/src/Pouakai/output/master/dark/dark_2459684_300s.fits.gz,good,41.0
dark_2459684_2s,B&C,2.0,2459684.00954494,2022-04-14T11:58:57.08,/local/jack/src/Pouakai/output/master/dark/dark_2459684_2s.fits.gz,good,14.0
dark_2459683_5s,B&C,5.0,2459683.8552306383,2022-04-14T06:59:29.22,/local/jack/src/Pouakai/output/master/dark/dark_2459683_5s.fits.gz,good,28.0
dark_2459683_300s,B&C,300.0,2459683.770303377,2022-04-13T18:16:39.23,/local/jack/src/Pouakai/output/master/dark/dark_2459683_300s.fits.gz,good,34.0
dark_2459683_2s,B&C,2.0,2459683.990053029,2022-04-14T11:58:57.08,/local/jack/src/Pouakai/output/master/dark/dark_2459683_2s.fits.gz,good,6.0
dark_2459683_10s,B&C,10.0,2459683.2555068177,2022-04-13T18:07:28.16,/local/jack/src/Pouakai/output/master/dark/dark_2459683_10s.fits.gz,good,11.0
dark_2459617_60s,B&C,60.0,2459617.444077249,2022-02-07T08:46:31.72,/local/jack/src/Pouakai/output/master/dark/dark_2459617_60s.fits.gz,good,7.0
dark_2459617_300s,B&C,300.0,2459617.442179993,2022-02-07T08:39:23.97,/local/jack/src/Pouakai/output/master/dark/dark_2459617_300s.fits.gz,good,7.0
dark_2459617_120s,B&C,120.0,2459617.443574984,2022-02-07T08:52:39.53,/local/jack/src/Pouakai/output/master/dark/dark_2459617_120s.fits.gz,good,7.0
dark_2459616_60s,B&C,60.0,2459616.8706052466,2022-02-06T09:01:52.13,/local/jack/src/Pouakai/output/master/dark/dark_2459616_60s.fits.gz,good,3.0
dark_2459616_300s,B&C,300.0,2459616.872779513,2022-02-06T08:48:36.32,/local/jack/src/Pouakai/output/master/dark/dark_2459616_300s.fits.gz,good,3.0
dark_2459616_120s,B&C,120.0,2459616.871345023,2022-02-06T08:46:32.44,/local/jack/src/Pouakai/output/master/dark/dark_2459616_120s.fits.gz,good,3.0
dark_2459611_60s,B&C,60.0,2459611.169413272,2022-01-31T16:12:08.94,/local/jack/src/Pouakai/output/master/dark/dark_2459611_60s.fits.gz,good,3.0
dark_2459611_300s,B&C,300.0,2459611.17158642,2022-01-31T16:07:05.07,/local/jack/src/Pouakai/output/master/dark/dark_2459611_300s.fits.gz,good,3.0
dark_2459611_120s,B&C,120.0,2459611.170152585,2022-01-31T15:56:49.55,/local/jack/src/Pouakai/output/master/dark/dark_2459611_120s.fits.gz,good,3.0
dark_2459609_60s,B&C,60.0,2459609.146353935,2022-01-29T07:13:56.67,/local/jack/src/Pouakai/output/master/dark/dark_2459609_60s.fits.gz,good,15.0
dark_2459609_300s,B&C,300.0,2459609.141403264,2022-01-30T07:48:57.41,/local/jack/src/Pouakai/output/master/dark/dark_2459609_300s.fits.gz,good,15.0
dark_2459609_120s,B&C,120.0,2459609.144920332,2022-01-29T07:20:12.08,/local/jack/src/Pouakai/output/master/dark/dark_2459609_120s.fits.gz,good,15.0
dark_2459608_60s,B&C,60.0,2459608.80424044,2022-01-29T07:13:56.67,/local/jack/src/Pouakai/output/master/dark/dark_2459608_60s.fits.gz,good,10.0
dark_2459608_300s,B&C,300.0,2459608.799290046,2022-01-29T07:15:08.27,/local/jack/src/Pouakai/output/master/dark/dark_2459608_300s.fits.gz,good,10.0
dark_2459608_120s,B&C,120.0,2459608.802806968,2022-01-29T07:20:12.08,/local/jack/src/Pouakai/output/master/dark/dark_2459608_120s.fits.gz,good,10.0
dark_2459606_60s,B&C,60.0,2459606.70940882,2022-01-27T05:24:03.94,/local/jack/src/Pouakai/output/master/dark/dark_2459606_60s.fits.gz,good,5.0
dark_2459606_300s,B&C,300.0,2459606.2388740624,2022-01-27T05:07:44.54,/local/jack/src/Pouakai/output/master/dark/dark_2459606_300s.fits.gz,good,10.0
dark_2459606_180s,B&C,180.0,2459606.229680567,2022-01-27T05:15:56.17,/local/jack/src/Pouakai/output/master/dark/dark_2459606_180s.fits.gz,good,10.0
dark_2459606_120s,B&C,120.0,2459606.223107337,2022-01-26T05:39:56.16,/local/jack/src/Pouakai/output/master/dark/dark_2459606_120s.fits.gz,good,10.0
dark_2459605_300s,B&C,300.0,2459604.8969583106,2022-01-24T15:48:34.16,/local/jack/src/Pouakai/output/master/dark/dark_2459605_300s.fits.gz,good,15.0
dark_2459605_180s,B&C,180.0,2459604.892264923,2022-01-24T16:00:11.47,/local/jack/src/Pouakai/output/master/dark/dark_2459605_180s.fits.gz,good,15.0
dark_2459605_120s,B&C,120.0,2459604.886360139,2022-01-26T05:39:56.16,/local/jack/src/Pouakai/output/master/dark/dark_2459605_120s.fits.gz,good,15.0
dark_2459605_0s,B&C,0.0,2459605.775140498,2022-01-26T06:36:44.66,/local/jack/src/Pouakai/output/master/dark/dark_2459605_0s.fits.gz,good,20.0
dark_2459604_60s,B&C,60.0,2459604.466054132,2022-01-25T06:03:58.00,/local/jack/src/Pouakai/output/master/dark/dark_2459604_60s.fits.gz,good,10.0
dark_2459604_300s,B&C,300.0,2459604.4634183217,2022-01-24T15:48:34.16,/local/jack/src/Pouakai/output/master/dark/dark_2459604_300s.fits.gz,good,10.0
dark_2459604_180s,B&C,180.0,2459604.4645077195,2022-01-24T16:00:11.47,/local/jack/src/Pouakai/output/master/dark/dark_2459604_180s.fits.gz,good,10.0
dark_2459604_120s,B&C,120.0,2459604.4615069563,2022-01-25T06:00:35.63,/local/jack/src/Pouakai/output/master/dark/dark_2459604_120s.fits.gz,good,10.0
dark_2459469_60s,B&C,60.0,2459469.2017264813,2021-09-11T16:21:50.48,/local/jack/src/Pouakai/output/master/dark/dark_2459469_60s.fits.gz,good,10.0
dark_2459469_30s,B&C,30.0,2459469.202556169,2021-09-11T16:57:23.83,/local/jack/src/Pouakai/output/master/dark/dark_2459469_30s.fits.gz,good,10.0
dark_2459469_300s,B&C,300.0,2459469.194993183,2021-09-11T16:46:29.80,/local/jack/src/Pouakai/output/master/dark/dark_2459469_300s.fits.gz,good,10.0
dark_2459469_150s,B&C,150.0,2459469.198510648,2021-09-11T16:05:45.93,/local/jack/src/Pouakai/output/master/dark/dark_2459469_150s.fits.gz,good,10.0
dark_2459469_120s,B&C,120.0,2459469.20029176,2021-09-11T17:17:04.33,/local/jack/src/Pouakai/output/master/dark/dark_2459469_120s.fits.gz,good,10.0
dark_2459469_0s,B&C,0.001,2459469.202488918,2021-09-11T17:43:06.59,/local/jack/src/Pouakai/output/master/dark/dark_2459469_0s.fits.gz,good,20.0
dark_2459399_60s,B&C,60.0,2459399.2515946566,2021-07-04T05:59:46.96,/local/jack/src/Pouakai/output/master/dark/dark_2459399_60s.fits.gz,good,6.0
dark_2459399_5s,B&C,5.0,2459399.251818152,2021-07-03T06:12:39.85,/local/jack/src/Pouakai/output/master/dark/dark_2459399_5s.fits.gz,good,6.0
dark_2459399_15s,B&C,15.0,2459399.251958468,2021-07-03T06:12:46.29,/local/jack/src/Pouakai/output/master/dark/dark_2459399_15s.fits.gz,good,6.0
dark_2459399_10s,B&C,10.0,2459399.2517893906,2021-07-04T05:59:19.15,/local/jack/src/Pouakai/output/master/dark/dark_2459399_10s.fits.gz,good,6.0
dark_2459398_60s,B&C,60.0,2459398.753340008,2021-07-03T05:58:10.15,/local/jack/src/Pouakai/output/master/dark/dark_2459398_60s.fits.gz,good,3.0
dark_2459398_5s,B&C,5.0,2459398.7541831792,2021-07-03T06:12:39.85,/local/jack/src/Pouakai/output/master/dark/dark_2459398_5s.fits.gz,good,3.0
dark_2459398_15s,B&C,15.0,2459398.754257523,2021-07-03T06:12:46.29,/local/jack/src/Pouakai/output/master/dark/dark_2459398_15s.fits.gz,good,3.0
dark_2459398_10s,B&C,10.0,2459398.7540513114,2021-07-03T06:05:50.10,/local/jack/src/Pouakai/output/master/dark/dark_2459398_10s.fits.gz,good,3.0
dark_2459397_400s,B&C,400.0,2459397.1422344907,2021-07-01T15:18:05.14,/local/jack/src/Pouakai/output/master/dark/dark_2459397_400s.fits.gz,good,3.0
dark_2459396_60s,B&C,60.0,2459396.7301815585,2021-07-01T05:32:31.56,/local/jack/src/Pouakai/output/master/dark/dark_2459396_60s.fits.gz,good,3.0
dark_2459396_300s,B&C,300.0,2459396.7357545136,2021-07-01T05:34:25.26,/local/jack/src/Pouakai/output/master/dark/dark_2459396_300s.fits.gz,good,3.0
